timestamp,base_currency,currency,rate
2026-10-04 12:03:18,PLN,PLN,1
2026-10-04 12:03:18,PLN,AED,0.944045
2026-10-04 12:03:18,PLN,AFN,16.793486
2026-10-04 12:03:18,PLN,ALL,21.082882
2026-10-04 12:03:18,PLN,AMD,93.666153
2026-10-04 12:03:18,PLN,ANG,0.460134
2026-10-04 12:03:18,PLN,AOA,251.262689
2026-10-04 12:03:18,PLN,ARS,391.52151
2026-10-04 12:03:18,PLN,AUD,0.369924
2026-10-04 12:03:18,PLN,AWG,0.460134
2026-10-04 12:03:18,PLN,AZN,0.438315
2026-10-04 12:03:18,PLN,BAM,0.447024
2026-10-04 12:03:18,PLN,BBD,0.514116
2026-10-04 12:03:18,PLN,BDT,31.756352
2026-10-04 12:03:18,PLN,BGN,0.447024
2026-10-04 12:03:18,PLN,BHD,0.096654
2026-10-04 12:03:18,PLN,BIF,777.012562
2026-10-04 12:03:18,PLN,BMD,0.257058
2026-10-04 12:03:18,PLN,BND,0.328692
2026-10-04 12:03:18,PLN,BOB,3.119346
2026-10-04 12:03:18,PLN,BRL,1.343325
2026-10-04 12:03:18,PLN,BSD,0.257058
2026-10-04 12:03:18,PLN,BTN,24.765239
2026-10-04 12:03:18,PLN,BWP,3.714562
2026-10-04 12:03:18,PLN,BYN,0.774768
2026-10-04 12:03:18,PLN,BZD,0.514116
2026-10-04 12:03:18,PLN,CAD,0.366442
2026-10-04 12:03:18,PLN,CDF,600.717513
2026-10-04 12:03:18,PLN,CHF,0.212941
2026-10-04 12:03:18,PLN,CLF,0.006401
2026-10-04 12:03:18,PLN,CLP,253.025058
2026-10-04 12:03:18,PLN,CNH,1.723313
2026-10-04 12:03:18,PLN,CNY,1.7465
2026-10-04 12:03:18,PLN,COP,858.400228
2026-10-04 12:03:18,PLN,CRC,118.379886
2026-10-04 12:03:18,PLN,CUP,6.16939
2026-10-04 12:03:18,PLN,CVE,25.202124
2026-10-04 12:03:18,PLN,CZK,5.580913
2026-10-04 12:03:18,PLN,DJF,45.684589
2026-10-04 12:03:18,PLN,DKK,1.709837
2026-10-04 12:03:18,PLN,DOP,15.44691
2026-10-04 12:03:18,PLN,DZD,34.697228
2026-10-04 12:03:18,PLN,EGP,13.465871
2026-10-04 12:03:18,PLN,ERN,3.855869
2026-10-04 12:03:18,PLN,ETB,42.210498
2026-10-04 12:03:18,PLN,EUR,0.22856
2026-10-04 12:03:18,PLN,FJD,0.583506
2026-10-04 12:03:18,PLN,FKP,0.194383
2026-10-04 12:03:18,PLN,FOK,1.709833
2026-10-04 12:03:18,PLN,GBP,0.194384
2026-10-04 12:03:18,PLN,GEL,0.670731
2026-10-04 12:03:18,PLN,GGP,0.194383
2026-10-04 12:03:18,PLN,GHS,3.037543
2026-10-04 12:03:18,PLN,GIP,0.194383
2026-10-04 12:03:18,PLN,GMD,19.510768
2026-10-04 12:03:18,PLN,GNF,2306.131994
2026-10-04 12:03:18,PLN,GTQ,1.979726
2026-10-04 12:03:18,PLN,GYD,54.314593
2026-10-04 12:03:18,PLN,HKD,2.018451
2026-10-04 12:03:18,PLN,HNL,6.958588
2026-10-04 12:03:18,PLN,HRK,1.722082
2026-10-04 12:03:18,PLN,HTG,33.981218
2026-10-04 12:03:18,PLN,HUF,84.141945
2026-10-04 12:03:18,PLN,IDR,4596.036986
2026-10-04 12:03:18,PLN,ILS,0.793172
2026-10-04 12:03:18,PLN,IMP,0.194383
2026-10-04 12:03:18,PLN,INR,24.765304
2026-10-04 12:03:18,PLN,IQD,340.163965
2026-10-04 12:03:18,PLN,IRR,429841.869008
2026-10-04 12:03:18,PLN,ISK,31.316971
2026-10-04 12:03:18,PLN,JEP,0.194383
2026-10-04 12:03:18,PLN,JMD,40.951324
2026-10-04 12:03:18,PLN,JOD,0.182254
2026-10-04 12:03:18,PLN,JPY,40.538347
2026-10-04 12:03:18,PLN,KES,33.950201
2026-10-04 12:03:18,PLN,KGS,22.555325
2026-10-04 12:03:18,PLN,KHR,1052.344178
2026-10-04 12:03:18,PLN,KID,0.369923
2026-10-04 12:03:18,PLN,KMF,112.443953
2026-10-04 12:03:18,PLN,KRW,346.901861
2026-10-04 12:03:18,PLN,KWD,0.079502
2026-10-04 12:03:18,PLN,KYD,0.214215
2026-10-04 12:03:18,PLN,KZT,114.500639
2026-10-04 12:03:18,PLN,LAK,5776.649021
2026-10-04 12:03:18,PLN,LBP,23006.682997
2026-10-04 12:03:18,PLN,LKR,86.611146
2026-10-04 12:03:18,PLN,LRD,44.445619
2026-10-04 12:03:18,PLN,LSL,4.279937
2026-10-04 12:03:18,PLN,LYD,1.660109
2026-10-04 12:03:18,PLN,MAD,2.542751
2026-10-04 12:03:18,PLN,MDL,4.585223
2026-10-04 12:03:18,PLN,MGA,1142.057739
2026-10-04 12:03:18,PLN,MKD,14.103975
2026-10-04 12:03:18,PLN,MMK,543.471165
2026-10-04 12:03:18,PLN,MNT,936.832738
2026-10-04 12:03:18,PLN,MOP,2.078995
2026-10-04 12:03:18,PLN,MRU,10.37535
2026-10-04 12:03:18,PLN,MUR,12.395339
2026-10-04 12:03:18,PLN,MVR,4.005341
2026-10-04 12:03:18,PLN,MWK,458.782042
2026-10-04 12:03:18,PLN,MXN,4.676026
2026-10-04 12:03:18,PLN,MYR,1.050163
2026-10-04 12:03:18,PLN,MZN,16.772929
2026-10-04 12:03:18,PLN,NAD,4.279937
2026-10-04 12:03:18,PLN,NGN,356.592352
2026-10-04 12:03:18,PLN,NIO,9.537666
2026-10-04 12:03:18,PLN,NOK,2.474025
2026-10-04 12:03:18,PLN,NPR,39.624382
2026-10-04 12:03:18,PLN,NZD,0.458786
2026-10-04 12:03:18,PLN,OMR,0.098838
2026-10-04 12:03:18,PLN,PAB,0.257058
2026-10-04 12:03:18,PLN,PEN,0.887224
2026-10-04 12:03:18,PLN,PGK,1.159586
2026-10-04 12:03:18,PLN,PHP,16.087805
2026-10-04 12:03:18,PLN,PKR,71.442041
2026-10-04 12:03:18,PLN,PYG,1513.314416
2026-10-04 12:03:18,PLN,QAR,0.935691
2026-10-04 12:03:18,PLN,RON,1.21959
2026-10-04 12:03:18,PLN,RSD,26.838203
2026-10-04 12:03:18,PLN,RUB,21.511334
2026-10-04 12:03:18,PLN,RWF,388.238815
2026-10-04 12:03:18,PLN,SAR,0.963967
2026-10-04 12:03:18,PLN,SBD,2.047552
2026-10-04 12:03:18,PLN,SCR,3.900461
2026-10-04 12:03:18,PLN,SDG,132.145406
2026-10-04 12:03:18,PLN,SEK,2.582063
2026-10-04 12:03:18,PLN,SGD,0.328693
2026-10-04 12:03:18,PLN,SHP,0.194383
2026-10-04 12:03:18,PLN,SLE,6.40615
2026-10-04 12:03:18,PLN,SLL,6406.149904
2026-10-04 12:03:18,PLN,SOS,148.341483
2026-10-04 12:03:18,PLN,SRD,9.80047
2026-10-04 12:03:18,PLN,SSP,1483.847035
2026-10-04 12:03:18,PLN,STN,5.59971
2026-10-04 12:03:18,PLN,SYP,31.572037
2026-10-04 12:03:18,PLN,SZL,4.279937
2026-10-04 12:03:18,PLN,THB,8.635907
2026-10-04 12:03:18,PLN,TJS,2.372451
2026-10-04 12:03:18,PLN,TMT,0.900876
2026-10-04 12:03:18,PLN,TND,0.769637
2026-10-04 12:03:18,PLN,TOP,0.612322
2026-10-04 12:03:18,PLN,TRY,12.627019
2026-10-04 12:03:18,PLN,TTD,1.756434
2026-10-04 12:03:18,PLN,TVD,0.369923
2026-10-04 12:03:18,PLN,TWD,8.224103
2026-10-04 12:03:18,PLN,TZS,696.016843
2026-10-04 12:03:18,PLN,UAH,11.570386
2026-10-04 12:03:18,PLN,UGX,1031.819477
2026-10-04 12:03:18,PLN,USD,0.257059
2026-10-04 12:03:18,PLN,UYU,10.444294
2026-10-04 12:03:18,PLN,UZS,3046.852684
2026-10-04 12:03:18,PLN,VES,223.993636
2026-10-04 12:03:18,PLN,VND,6691.943923
2026-10-04 12:03:18,PLN,VUV,30.7761
2026-10-04 12:03:18,PLN,WST,0.70559
2026-10-04 12:03:18,PLN,XAF,149.92527
2026-10-04 12:03:18,PLN,XCD,0.694056
2026-10-04 12:03:18,PLN,XCG,0.460134
2026-10-04 12:03:18,PLN,XDR,0.190473
2026-10-04 12:03:18,PLN,XOF,149.92527
2026-10-04 12:03:18,PLN,XPF,27.274474
2026-10-04 12:03:18,PLN,YER,61.263264
2026-10-04 12:03:18,PLN,ZAR,4.281876
2026-10-04 12:03:18,PLN,ZMW,5.166982
2026-10-04 12:03:18,PLN,ZWG,6.880233
2026-10-04 12:03:18,PLN,ZWL,6.880274
